{
  "single_simple_room": {
    "coverage_rates": [
      1.0,
      1.0,
      1.0,
      1.0,
      1.0
    ],
    "path_lengths": [
      409,
      409,
      409,
      409,
      409
    ],
    "deadlock_counts": [
      2,
      2,
      2,
      2,
      2
    ],
    "execution_times": [
      57.45737624168396,
      58.74628925323486,
      58.59476923942566,
      59.04534411430359,
      59.29243087768555
    ],
    "steps": [
      394,
      394,
      394,
      394,
      394
    ],
    "coverage_rates_mean": 1.0,
    "coverage_rates_std": 0.0,
    "path_lengths_mean": 409.0,
    "path_lengths_std": 0.0,
    "deadlock_counts_mean": 2.0,
    "deadlock_counts_std": 0.0,
    "execution_times_mean": 58.627241945266725,
    "execution_times_std": 0.6326291555317572,
    "steps_mean": 394.0,
    "steps_std": 0.0
  },
  "single_apartment_layout": {
    "coverage_rates": [
      1.0,
      1.0,
      1.0,
      1.0,
      1.0
    ],
    "path_lengths": [
      628,
      628,
      628,
      628,
      628
    ],
    "deadlock_counts": [
      8,
      8,
      8,
      8,
      8
    ],
    "execution_times": [
      144.76503205299377,
      157.70153069496155,
      139.65245008468628,
      148.80775427818298,
      141.61323881149292
    ],
    "steps": [
      588,
      588,
      588,
      588,
      588
    ],
    "coverage_rates_mean": 1.0,
    "coverage_rates_std": 0.0,
    "path_lengths_mean": 628.0,
    "path_lengths_std": 0.0,
    "deadlock_counts_mean": 8.0,
    "deadlock_counts_std": 0.0,
    "execution_times_mean": 146.5080011844635,
    "execution_times_std": 6.396548884472385,
    "steps_mean": 588.0,
    "steps_std": 0.0
  },
  "single_maze_environment": {
    "coverage_rates": [
      1.0,
      1.0,
      1.0,
      1.0,
      1.0
    ],
    "path_lengths": [
      404,
      404,
      404,
      404,
      404
    ],
    "deadlock_counts": [
      10,
      10,
      10,
      10,
      10
    ],
    "execution_times": [
      64.16147470474243,
      68.29391574859619,
      73.48470497131348,
      57.69667959213257,
      56.094459772109985
    ],
    "steps": [
      368,
      368,
      368,
      368,
      368
    ],
    "coverage_rates_mean": 1.0,
    "coverage_rates_std": 0.0,
    "path_lengths_mean": 404.0,
    "path_lengths_std": 0.0,
    "deadlock_counts_mean": 10.0,
    "deadlock_counts_std": 0.0,
    "execution_times_mean": 63.94624695777893,
    "execution_times_std": 6.490583678537052,
    "steps_mean": 368.0,
    "steps_std": 0.0
  },
  "multi_simple_room": {
    "2_robots": {
      "coverage_rates": [
        0.9721518987341772,
        0.9721518987341772,
        0.9721518987341772
      ],
      "total_path_lengths": [
        382,
        382,
        382
      ],
      "total_deadlocks": [
        0,
        0,
        0
      ],
      "execution_times": [
        65.90470790863037,
        64.7363793849945,
        69.9125566482544
      ],
      "steps": [
        219,
        219,
        219
      ],
      "coverage_rates_mean": 0.9721518987341772,
      "coverage_rates_std": 0.0,
      "total_path_lengths_mean": 382.0,
      "total_path_lengths_std": 0.0,
      "total_deadlocks_mean": 0.0,
      "total_deadlocks_std": 0.0,
      "execution_times_mean": 66.85121464729309,
      "execution_times_std": 2.2166204035156176,
      "steps_mean": 219.0,
      "steps_std": 0.0
    },
    "4_robots": {
      "coverage_rates": [
        0.9822784810126582,
        0.9822784810126582,
        0.9822784810126582
      ],
      "total_path_lengths": [
        384,
        384,
        384
      ],
      "total_deadlocks": [
        0,
        0,
        0
      ],
      "execution_times": [
        61.49901080131531,
        59.3910698890686,
        59.3939483165741
      ],
      "steps": [
        101,
        101,
        101
      ],
      "coverage_rates_mean": 0.9822784810126582,
      "coverage_rates_std": 0.0,
      "total_path_lengths_mean": 384.0,
      "total_path_lengths_std": 0.0,
      "total_deadlocks_mean": 0.0,
      "total_deadlocks_std": 0.0,
      "execution_times_mean": 60.09467633565267,
      "execution_times_std": 0.9930151190262922,
      "steps_mean": 101.0,
      "steps_std": 0.0
    }
  },
  "multi_apartment_layout": {
    "2_robots": {
      "coverage_rates": [
        0.8115449915110357,
        0.8115449915110357,
        0.8115449915110357
      ],
      "total_path_lengths": [
        476,
        476,
        476
      ],
      "total_deadlocks": [
        0,
        0,
        0
      ],
      "execution_times": [
        150.67397546768188,
        175.77993392944336,
        176.29912114143372
      ],
      "steps": [
        323,
        323,
        323
      ],
      "coverage_rates_mean": 0.8115449915110357,
      "coverage_rates_std": 0.0,
      "total_path_lengths_mean": 476.0,
      "total_path_lengths_std": 0.0,
      "total_deadlocks_mean": 0.0,
      "total_deadlocks_std": 0.0,
      "execution_times_mean": 167.584343512853,
      "execution_times_std": 11.959314345107234,
      "steps_mean": 323.0,
      "steps_std": 0.0
    },
    "4_robots": {
      "coverage_rates": [
        0.797962648556876,
        0.797962648556876,
        0.797962648556876
      ],
      "total_path_lengths": [
        466,
        466,
        466
      ],
      "total_deadlocks": [
        0,
        0,
        0
      ],
      "execution_times": [
        196.76400470733643,
        225.98242616653442,
        183.7824969291687
      ],
      "steps": [
        183,
        183,
        183
      ],
      "coverage_rates_mean": 0.7979626485568762,
      "coverage_rates_std": 1.1102230246251565e-16,
      "total_path_lengths_mean": 466.0,
      "total_path_lengths_std": 0.0,
      "total_deadlocks_mean": 0.0,
      "total_deadlocks_std": 0.0,
      "execution_times_mean": 202.17630926767984,
      "execution_times_std": 17.648008148232183,
      "steps_mean": 183.0,
      "steps_std": 0.0
    }
  },
  "backtracking_simple_room": {
    "with_backtracking": {
      "coverage_rates": [
        1.0,
        1.0,
        1.0
      ],
      "path_lengths": [
        409,
        409,
        409
      ],
      "times": [
        58.96276831626892,
        59.924901723861694,
        59.2894446849823
      ]
    },
    "without_backtracking": {
      "coverage_rates": [
        0.4151898734177215,
        0.4151898734177215,
        0.4151898734177215
      ],
      "path_lengths": [
        164,
        164,
        164
      ],
      "times": [
        24.83489727973938,
        24.54844045639038,
        23.734455108642578
      ]
    },
    "coverage_rates_improvement_percent": 140.85365853658539,
    "path_lengths_improvement_percent": -149.390243902439,
    "times_improvement_percent": -143.68502903715853
  },
  "backtracking_apartment_layout": {
    "with_backtracking": {
      "coverage_rates": [
        1.0,
        1.0,
        1.0
      ],
      "path_lengths": [
        614,
        614,
        614
      ],
      "times": [
        137.19891929626465,
        138.25554990768433,
        136.6053876876831
      ]
    },
    "without_backtracking": {
      "coverage_rates": [
        0.26057529610829105,
        0.26057529610829105,
        0.26057529610829105
      ],
      "path_lengths": [
        154,
        154,
        154
      ],
      "times": [
        35.42583107948303,
        35.17296028137207,
        35.482404470443726
      ]
    },
    "coverage_rates_improvement_percent": 283.76623376623377,
    "path_lengths_improvement_percent": -298.7012987012987,
    "times_improvement_percent": -288.4381710279094
  }
}